s_m,x_m,y_m,z_m,tx,ty,tz,nx,ny,nz
0.0,0.3454557796700857,-0.1957561185793954,1.0321462475294605,-0.33438762439732433,0.9424356299768776,0.0,0.9424356299768776,0.33438762439732433,0.0
0.00010221119704884671,0.3454237695247374,-0.1956653534811759,1.032138728945916,-0.33081940007719474,0.9436940841886023,0.0,0.9436940841886025,0.3308194000771948,0.0
0.00020442239409769342,0.3453916993805763,-0.19557332340441758,1.0321332531294072,-0.32756126818029885,0.9448299400358322,0.0,0.9448299400358322,0.32756126818029885,0.0
0.00030663359114654014,0.3453596806262777,-0.19548049307193088,1.0321317663042286,-0.32417169223966913,0.9459982631857572,0.0,0.9459982631857573,0.3241716922396692,0.0
0.00040884478819538684,0.3453279061573582,-0.19538716193562788,1.0321323852972315,-0.3203925948151587,0.9472848490225152,0.0,0.9472848490225153,0.32039259481515875,0.0
0.0005110559852442336,0.3452964993861104,-0.19529368903050964,1.0321336453783634,-0.3161416335730051,0.9487120045207564,0.0,0.9487120045207564,0.3161416335730051,0.0
0.0006132671822930803,0.3452655393048172,-0.1952000047395917,1.032135893417387,-0.3116622371863176,0.9501929540425038,0.0,0.9501929540425038,0.3116622371863176,0.0
0.000715478379341927,0.3452349034942946,-0.1951058960436861,1.032138194360563,-0.30641826568556463,0.9518969726048353,0.0,0.9518969726048354,0.3064182656855647,0.0
0.0008176895763907737,0.345204831847997,-0.1950114153151578,1.0321399793460964,-0.2994018208247133,0.9541271140088443,0.0,0.9541271140088444,0.29940182082471334,0.0
0.0009199007734396204,0.3451753473747167,-0.1949161039163774,1.032141394495186,-0.2927060496882897,0.9562024725317732,0.0,0.9562024725317733,0.2927060496882898,0.0
0.0010221119704884672,0.34514632451198846,-0.1948202854788862,1.032142031613253,-0.28760242141135917,0.9577498876002664,0.0,0.9577498876002665,0.2876024214113592,0.0
0.0011243231675373139,0.3451177017690113,-0.19472413726980314,1.032143205864269,-0.2813857581387274,0.9595947348316859,0.0,0.9595947348316859,0.2813857581387274,0.0
0.0012265343645861606,0.3450901190544614,-0.19462861102645992,1.032144215047122,-0.27540285506087175,0.9613289069950619,0.0,0.961328906995062,0.2754028550608718,0.0
0.0013287455616350073,0.34506284998245906,-0.19453267008983752,1.0321455605098162,-0.2699374903013161,0.9628778486027326,0.0,0.9628778486027326,0.2699374903013161,0.0
0.001430956758683854,0.34503625103659225,-0.1944364616473705,1.03214582147071,-0.2635174345140509,0.9646546333829185,0.0,0.9646546333829186,0.26351743451405096,0.0
0.0015331679557327007,0.34501020016514716,-0.19433993563069124,1.0321454522680393,-0.25761274616488267,0.9662482460596696,0.0,0.9662482460596696,0.25761274616488267,0.0
0.0016353791527815474,0.3449848452195024,-0.19424364983452436,1.032145291406067,-0.2513111153645135,0.9679063608088565,0.0,0.9679063608088565,0.2513111153645135,0.0
0.001737590349830394,0.34496011330596915,-0.19414702975973122,1.0321448203139083,-0.2448076442565989,0.9695716669300597,0.0,0.9695716669300597,0.2448076442565989,0.0
0.0018398015468792407,0.3449359581467203,-0.1940500303877436,1.0321435027177344,-0.237505799702509,0.971386120503928,0.0,0.971386120503928,0.237505799702509,0.0
0.0019420127439280874,0.3449127305520393,-0.1939532368099322,1.0321425620451046,-0.2322098540045016,0.9726657101508246,0.0,0.9726657101508247,0.23220985400450161,0.0
0.0020442239409769344,0.34488967660466274,-0.1938561692393212,1.0321424961643395,-0.22770082063791106,0.9737311416817385,0.0,0.9737311416817385,0.22770082063791106,0.0
0.002146435138025781,0.3448673017729834,-0.1937589669044861,1.0321421121900243,-0.221195616259979,0.9752294598438709,0.0,0.9752294598438709,0.221195616259979,0.0
0.0022486463350746277,0.3448455350898062,-0.19366155369305452,1.0321416228020348,-0.21589721178802337,0.976416096724218,0.0,0.976416096724218,0.21589721178802337,0.0
0.0023508575321234742,0.3448242509032473,-0.19356426516730213,1.0321416134985868,-0.21075469724435664,0.9775389800869527,0.0,0.9775389800869527,0.21075469724435664,0.0
0.002453068729172321,0.34480354484798986,-0.19346679125741073,1.0321421961756876,-0.20421587347189699,0.9789258792278965,0.0,0.9789258792278965,0.20421587347189699,0.0
0.0025552799262211676,0.3447835264443503,-0.19336904906556565,1.0321429002159406,-0.19905635395787646,0.9799880447990151,0.0,0.9799880447990152,0.1990563539578765,0.0
0.0026574911232700145,0.344763772859868,-0.19327098704366757,1.0321433876468182,-0.19382580534898014,0.9810359612067334,0.0,0.9810359612067334,0.19382580534898014,0.0
0.002759702320318861,0.344744718922856,-0.19317262746895386,1.0321442621857595,-0.18858034015786948,0.9820577657683596,0.0,0.9820577657683597,0.1885803401578695,0.0
0.002861913517367708,0.3447259303417866,-0.1930739169846843,1.0321445505978653,-0.1847878247971183,0.9827784388186126,0.0,0.9827784388186127,0.18478782479711833,0.0
0.0029641247144165544,0.34470750805115224,-0.1929747245906647,1.0321449351057688,-0.18079206217950677,0.9835213420423988,0.0,0.9835213420423989,0.1807920621795068,0.0
0.0030663359114654013,0.3446894697538409,-0.1928755688605703,1.0321463075486899,-0.17509837345909146,0.9845509431268554,0.0,0.9845509431268554,0.17509837345909146,0.0
0.003168547108514248,0.3446722507182122,-0.19277647808664247,1.0321477042657774,-0.16821311444072456,0.9857506521073937,0.0,0.9857506521073937,0.16821311444072456,0.0
0.0032707583055630947,0.3446556339953814,-0.1926772869306692,1.0321489164401074,-0.16264903935569827,0.9866839868958392,0.0,0.9866839868958392,0.16264903935569827,0.0
0.0033729695026119416,0.34463952234288153,-0.1925779367120124,1.0321503400056249,-0.15762969267185362,0.9874982936634256,0.0,0.9874982936634256,0.15762969267185362,0.0
0.003475180699660788,0.3446239071991022,-0.19247852896408219,1.0321505967767772,-0.1508958477795175,0.9885496664927366,0.0,0.9885496664927366,0.1508958477795175,0.0
0.003577391896709635,0.34460918995100265,-0.19237922298783114,1.032150576264216,-0.14497037899724133,0.9894359955112794,0.0,0.9894359955112794,0.14497037899724133,0.0
0.0036796030937584815,0.34459479899189854,-0.19227986280778644,1.0321507767109361,-0.14026804094308762,0.9901135675719166,0.0,0.9901135675719166,0.14026804094308762,0.0
0.0037818142908073284,0.344581008416621,-0.19218029727846325,1.0321507645878816,-0.13597091650065066,0.9907128291618986,0.0,0.9907128291618986,0.13597091650065066,0.0
0.003884025487856175,0.34456749045029283,-0.19208088700317472,1.0321493322360642,-0.13270292621217208,0.9911558572569336,0.0,0.9911558572569336,0.13270292621217208,0.0
0.003986236684905021,0.3445543915620772,-0.19198149645292129,1.0321475363037236,-0.12717777293072585,0.991879939343659,0.0,0.991879939343659,0.12717777293072585,0.0
0.004088447881953869,0.3445419795357171,-0.19188192327060696,1.0321467634733457,-0.11972027547118079,0.9928076629645364,0.0,0.9928076629645365,0.1197202754711808,0.0
0.004190659079002715,0.3445304287863966,-0.1917827796756003,1.032145278902217,-0.11487393533579512,0.9933800778053019,0.0,0.9933800778053019,0.11487393533579512,0.0
0.004292870276051562,0.34451905845897374,-0.19168371171868126,1.032143876646726,-0.11130496478072022,0.9937862973573155,0.0,0.9937862973573155,0.11130496478072022,0.0
0.004395081473100408,0.34450823423292226,-0.1915846156209937,1.0321436686662067,-0.10436351490620811,0.9945392183098771,0.0,0.9945392183098772,0.10436351490620813,0.0
0.0044972926701492555,0.3444982569090005,-0.1914854819324519,1.0321437367103885,-0.09921213435940222,0.9950663055273512,0.0,0.9950663055273512,0.09921213435940222,0.0
0.004599503867198102,0.3444884595542375,-0.19138628185276166,1.032143356119772,-0.09826698431608945,0.9951600875203052,0.0,0.9951600875203052,0.09826698431608945,0.0
0.0047017150642469484,0.34447865108740017,-0.19128693171464006,1.0321432229949226,-0.0949556873820847,0.9954815002971154,0.0,0.9954815002971155,0.09495568738208471,0.0
0.004803926261295795,0.34446946258327266,-0.19118712439649332,1.0321441563365017,-0.08688900082969561,0.9962179990016328,0.0,0.9962179990016328,0.08688900082969561,0.0
0.004906137458344642,0.3444612406358095,-0.19108731375287635,1.032144026746941,-0.081307322952027,0.996689078516653,0.0,0.996689078516653,0.081307322952027,0.0
0.005008348655393489,0.34445315672763943,-0.19098724242233103,1.0321441838231633,-0.07811738791916696,0.9969441677971171,0.0,0.9969441677971171,0.07811738791916696,0.0
0.005110559852442335,0.344445532188274,-0.1908868405218475,1.0321456918116183,-0.0719676449652131,0.9974069671293463,0.0,0.9974069671293464,0.07196764496521312,0.0
0.005212771049491183,0.34443867985551685,-0.1907866059679315,1.0321458759767999,-0.06447067791767655,0.9979196018161158,0.0,0.9979196018161158,0.06447067791767655,0.0
0.005314982246540029,0.34443258199961074,-0.19068638897500945,1.0321458323944759,-0.06023183501218059,0.9981844148508158,0.0,0.9981844148508158,0.06023183501218059,0.0
0.0054171934435888755,0.34442657089943557,-0.19058593183542358,1.0321462635861662,-0.059117630554049984,0.9982510234192974,0.0,0.9982510234192975,0.05911763055404999,0.0
0.005519404640637722,0.34442067402700727,-0.19048531282011533,1.0321455748006803,-0.05250527431026855,0.9986206467771451,0.0,0.9986206467771451,0.05250527431026855,0.0
0.005621615837686569,0.34441600510329634,-0.1903849763635621,1.0321442218608072,-0.04790255119080121,0.998852013858616,0.0,0.998852013858616,0.04790255119080121,0.0
0.005723827034735416,0.3444110429051097,-0.1902844870756827,1.0321436772228048,-0.047894869968708606,0.9988523822020351,0.0,0.9988523822020352,0.04789486996870861,0.0
0.005826038231784262,0.34440635915749257,-0.19018380918321517,1.0321427762774917,-0.044643593572741405,0.9990029777497722,0.0,0.9990029777497723,0.04464359357274141,0.0
0.005928249428833109,0.344402060908771,-0.19008349427088403,1.0321402874275807,-0.03868380654295718,0.9992515014306194,0.0,0.9992515014306194,0.03868380654295718,0.0
0.006030460625881956,0.3443985988927525,-0.18998335175965778,1.0321386291744399,-0.033475844457469234,0.999439526853856,0.0,0.999439526853856,0.033475844457469234,0.0
0.006132671822930803,0.3443953507845726,-0.189883159866699,1.0321376967500864,-0.03186992845727068,0.9994920248106678,0.0,0.9994920248106678,0.03186992845727068,0.0
0.006234883019979649,0.3443922135733404,-0.1897830979110551,1.0321358774143137,-0.028147104865456504,0.9996037917533591,0.0,0.9996037917533592,0.028147104865456508,0.0
0.006337094217028496,0.344389720184649,-0.18968319723962127,1.0321354407102765,-0.024101740206172798,0.999709510867549,0.0,0.9997095108675491,0.0241017402061728,0.0
0.006439305414077343,0.344387398001914,-0.18958335413678715,1.032135780270119,-0.01971194696850438,0.999805700697246,0.0,0.999805700697246,0.01971194696850438,0.0
0.006541516611126189,0.3443857847825102,-0.18948359049863164,1.0321362284617708,-0.017702185072707873,0.9998433040450146,0.0,0.9998433040450146,0.017702185072707873,0.0
0.006643727808175036,0.3443838634794922,-0.18938371954016084,1.0321368564140525,-0.018049157855920612,0.9998371006822521,0.0,0.9998371006822522,0.018049157855920615,0.0
0.006745939005223883,0.34438217634277357,-0.18928370017948143,1.032137928084751,-0.010766008636985248,0.9999420448496145,0.0,0.9999420448496145,0.010766008636985248,0.0
0.00684815020227273,0.3443817097020566,-0.18918367765967412,1.0321393352871973,-0.004673278952974358,0.9999890801722925,0.0,0.9999890801722926,0.004673278952974359,0.0
0.006950361399321576,0.34438124221918737,-0.18908381624463663,1.032139802149959,-0.006203159415702191,0.9999807602215471,0.0,0.9999807602215471,0.006203159415702191,0.0
0.007052572596370423,0.3443804696836824,-0.1889837804083805,1.032141356280515,-0.0024157311992650666,0.9999970821171295,0.0,0.9999970821171295,0.0024157311992650666,0.0
0.00715478379341927,0.3443807593531625,-0.18888393282379046,1.032143152963225,0.0031221353128607827,0.9999951261236668,0.0,0.9999951261236668,-0.0031221353128607827,0.0
0.0072569949904681165,0.34438109319403715,-0.18878407499739863,1.0321437034153647,0.006934243392358032,0.9999759578452753,0.0,0.9999759578452753,-0.006934243392358032,0.0
0.007359206187516963,0.34438214414729584,-0.188684233914829,1.0321442376510024,0.010154331023198519,0.9999484434516969,0.0,0.9999484434516969,-0.010154331023198519,0.0
0.0074614173845658095,0.3443831219099192,-0.18858429706187255,1.0321440247430875,0.010652584171642505,0.9999432596154973,0.0,0.9999432596154975,-0.010652584171642507,0.0
0.007563628581614657,0.34438427481182626,-0.18848423139887835,1.032143100581614,0.017159894899063888,0.9998527581634473,0.0,0.9998527581634473,-0.017159894899063888,0.0
0.007665839778663503,0.34438655505927923,-0.18838425831589067,1.0321433416511125,0.01921075870968722,0.9998154563467191,0.0,0.9998154563467191,-0.01921075870968722,0.0
0.00776805097571235,0.34438811968708793,-0.18828412656322632,1.0321435412404065,0.016882623525642727,0.9998574783552361,0.0,0.9998574783552361,-0.016882623525642727,0.0
0.007870262172761197,0.3443899361822105,-0.1881840144946056,1.0321428502941115,0.023221222654111955,0.9997303510539469,0.0,0.999730351053947,-0.02322122265411196,0.0
0.007972473369810043,0.3443927669942048,-0.18808404864120704,1.032142903914764,0.02700641647157549,0.9996352602171273,0.0,0.9996352602171273,-0.02700641647157549,0.0
0.00807468456685889,0.344395341300236,-0.18798394550101588,1.0321424613571657,0.02627510682571417,0.9996547497817921,0.0,0.9996547497817921,-0.02627510682571417,0.0
0.008176895763907737,0.344398028265415,-0.18788387991154082,1.0321417303006375,0.028634795896927915,0.9995899401574334,0.0,0.9995899401574334,-0.028634795896927915,0.0
0.008279106960956583,0.34440106905009793,-0.18778399991165923,1.032141191772991,0.031071973886409154,0.9995171496471695,0.0,0.9995171496471696,-0.031071973886409157,0.0
0.00838131815800543,0.3444042368970373,-0.18768416186964829,1.0321414580503412,0.03320220488582933,0.9994486548045974,0.0,0.9994486548045974,-0.03320220488582933,0.0
0.008483529355054278,0.34440769950201977,-0.18758441087000322,1.0321421953912289,0.03456727017550731,0.9994023733374928,0.0,0.9994023733374929,-0.034567270175507314,0.0
0.008585740552103123,0.34441113684248076,-0.18748467195282564,1.0321423514022343,0.03541975286012115,0.9993725236904044,0.0,0.9993725236904045,-0.035419752860121154,0.0
0.00868795174915197,0.3444147684776219,-0.18738495888581475,1.0321425860653144,0.035222947220832045,0.9993794794716763,0.0,0.9993794794716763,-0.035222947220832045,0.0
0.008790162946200816,0.34441817166923316,-0.18728507305345124,1.0321429838928387,0.03540444303117568,0.9993730661838212,0.0,0.9993730661838213,-0.03540444303117569,0.0
0.008892374143249664,0.3444218445715529,-0.18718521961348109,1.0321435855826482,0.03745671103879929,0.9992982511733701,0.0,0.9992982511733701,-0.03745671103879929,0.0
0.008994585340298511,0.34442565471077186,-0.18708543485469606,1.032144819573149,0.03830078022588812,0.9992662559268617,0.0,0.9992662559268617,-0.03830078022588812,0.0
0.009096796537347357,0.344429492263823,-0.18698569154182865,1.0321458139904016,0.04310574327157011,0.9990705154777643,0.0,0.9990705154777643,-0.04310574327157011,0.0
0.009199007734396204,0.34443424879872003,-0.18688624794305006,1.0321460525249713,0.043052968647333795,0.9990727910871418,0.0,0.9990727910871419,-0.0430529686473338,0.0
0.009301218931445051,0.34443807174673186,-0.18678659893090885,1.032146301038294,0.04114891284837957,0.9991530248022054,0.0,0.9991530248022054,-0.04114891284837957,0.0
0.009403430128493897,0.34444245961532294,-0.18668687785822902,1.0321469428307408,0.045245159455204256,0.9989759133962506,0.0,0.9989759133962506,-0.045245159455204256,0.0
0.009505641325542744,0.3444471015048563,-0.1865872292971465,1.0321470143807807,0.04450002341832085,0.9990093832971585,0.0,0.9990093832971585,-0.04450002341832085,0.0
0.00960785252259159,0.3444513464716895,-0.18648737115651876,1.03214717255853,0.047724405113270044,0.9988605413953364,0.0,0.9988605413953364,-0.047724405113270044,0.0
0.009710063719640437,0.3444566338525771,-0.18638771950791921,1.032148274042903,0.047325414477151904,0.9988795248399909,0.0,0.9988795248399909,-0.047325414477151904,0.0
0.009812274916689285,0.34446079922243067,-0.18628785554164118,1.032148661654965,0.0448381001398984,0.9989942666381245,0.0,0.9989942666381246,-0.044838100139898404,0.0
0.00991448611373813,0.34446560395285025,-0.18618786539465096,1.0321498471499286,0.050491244231439227,0.9987245036825527,0.0,0.9987245036825527,-0.050491244231439227,0.0
0.010016697310786978,0.34447090990533236,-0.18608786469339483,1.0321505723618756,0.04794429337467722,0.9988500111291999,0.0,0.9988500111292,-0.047944293374677226,0.0
0.010118908507835825,0.34447521350076005,-0.1859876643621389,1.0321495765257984,0.04871852927713176,0.9988125474307346,0.0,0.9988125474307346,-0.04871852927713176,0.0
0.01022111970488467,0.3444806730379598,-0.18588770390210585,1.0321494956758208,0.0511462287745342,0.9986911751298011,0.0,0.9986911751298011,-0.0511462287745342,0.0
0.010323330901933518,0.3444854592058517,-0.18578760473891354,1.0321491937912894,0.04579396743475039,0.9989509059741549,0.0,0.998950905974155,-0.0457939674347504,0.0
0.010425542098982365,0.3444898591480643,-0.1856873178354408,1.0321485441761562,0.04900860118936544,0.9987983565312178,0.0,0.9987983565312178,-0.04900860118936544,0.0
0.01052775329603121,0.3444952836017855,-0.1855873829355072,1.0321478364726229,0.04829172778442259,0.9988332738888884,0.0,0.9988332738888885,-0.048291727784422596,0.0
0.010629964493080058,0.3444995220283525,-0.18548745738736264,1.032145706251684,0.04456562173884097,0.999006459117773,0.0,0.999006459117773,-0.04456562173884097,0.0
0.010732175690128904,0.3445041961384722,-0.1853875948170029,1.0321444138457434,0.0446863093293603,0.9990010679466367,0.0,0.9990010679466368,-0.04468630932936031,0.0
0.010834386887177751,0.34450845930481494,-0.18528765684745427,1.032144223497206,0.041608111273481505,0.9991340075666795,0.0,0.9991340075666796,-0.04160811127348151,0.0
0.010936598084226598,0.3445125122168955,-0.18518790113930444,1.0321432602201277,0.043902992594561846,0.9990357987786231,0.0,0.9990357987786233,-0.04390299259456185,0.0
0.011038809281275444,0.3445172132615945,-0.18508845593455686,1.0321423309340503,0.04182493339358241,0.9991249546211037,0.0,0.9991249546211037,-0.04182493339358241,0.0
0.011141020478324291,0.3445208410828674,-0.18498893900927754,1.0321409663119656,0.03812207965952018,0.9992730893216495,0.0,0.9992730893216495,-0.03812207965952018,0.0
0.011243231675373139,0.34452480475056113,-0.18488946441310786,1.0321404790266613,0.03676779046027623,0.9993238361935881,0.0,0.9993238361935881,-0.03676779046027623,0.0
0.011345442872421984,0.34452817184345297,-0.18478969386294425,1.0321412861439847,0.032843292638695655,0.9994605135415051,0.0,0.9994605135415051,-0.032843292638695655,0.0
0.011447654069470832,0.3445313653991016,-0.18468981606385212,1.032141529981492,0.032692952206803086,0.9994654425621746,0.0,0.9994654425621747,-0.03269295220680309,0.0
0.011549865266519679,0.34453470555840726,-0.18458994982431837,1.032141414857469,0.030921420863605855,0.9995218185371322,0.0,0.9995218185371322,-0.030921420863605855,0.0
0.011652076463568525,0.34453755028006816,-0.18448989240903688,1.032140723767612,0.028040609991427143,0.9996067847865523,0.0,0.9996067847865523,-0.028040609991427143,0.0
0.011754287660617372,0.3445403212259673,-0.1843897594791076,1.03214043382577,0.02563166516562215,0.9996714548994773,0.0,0.9996714548994773,-0.02563166516562215,0.0
0.011856498857666218,0.3445426930951556,-0.18428931529445935,1.032141157778592,0.023653316636291888,0.9997202211679542,0.0,0.9997202211679542,-0.023653316636291888,0.0
0.011958710054715065,0.34454507792186684,-0.18418871515412602,1.0321422739814354,0.02070500286130605,0.9997856284506761,0.0,0.9997856284506761,-0.02070500286130605,0.0
0.012060921251763912,0.34454686151185854,-0.18408803432189014,1.0321421185872994,0.01673798120325696,0.9998599101800408,0.0,0.999859910180041,-0.016737981203256962,0.0
0.012163132448812758,0.34454845257588257,-0.18398712684905394,1.0321421922416296,0.015310357412769655,0.9998827896088087,0.0,0.9998827896088087,-0.015310357412769655,0.0
0.012265343645861605,0.34454995176931835,-0.18388621700526891,1.0321419389592816,0.008418726272066383,0.9999645618960483,0.0,0.9999645618960484,-0.008418726272066385,0.0
0.012367554842910453,0.34455015303299663,-0.18378514892529735,1.0321407565572838,0.002634087051001206,0.9999965307866862,0.0,0.9999965307866862,-0.002634087051001206,0.0
0.012469766039959298,0.34455048419451917,-0.18368408877511536,1.03213988265362,0.0031266660437612565,0.9999951119677789,0.0,0.999995111967779,-0.003126666043761257,0.0
0.012571977237008146,0.3445507844441008,-0.18358320602221984,1.0321393726098298,-0.0035395441668590348,0.9999937357939253,0.0,0.9999937357939254,0.003539544166859035,0.0
0.012674188434056991,0.34454976961759476,-0.18348220615564959,1.032138622179657,-0.009839179183735383,0.9999515941049298,0.0,0.9999515941049298,0.009839179183735383,0.0
0.012776399631105839,0.34454879681470885,-0.1833812040928013,1.032138396930989,-0.011133152023177325,0.9999380245425358,0.0,0.9999380245425358,0.011133152023177325,0.0
0.012878610828154686,0.34454752120054916,-0.1832802617562368,1.0321380022151005,-0.0183156366697109,0.9998322546574416,0.0,0.9998322546574416,0.0183156366697109,0.0
0.012980822025203531,0.3445450979406125,-0.1831792862619266,1.0321370181965925,-0.02509054862142158,0.9996851826299499,0.0,0.9996851826299499,0.02509054862142158,0.0
0.013083033222252379,0.3445424537558384,-0.18307835906102007,1.032136921781859,-0.030572028619825952,0.9995325662858958,0.0,0.9995325662858958,0.030572028619825952,0.0
0.013185244419301226,0.34453891932518765,-0.1829772804543141,1.0321373714898014,-0.03571790043362884,0.9993619122162968,0.0,0.9993619122162969,0.035717900433628845,0.0
0.013287455616350072,0.3445352264823259,-0.18287614499496654,1.0321384203408286,-0.04040107563201626,0.9991835432430701,0.0,0.9991835432430701,0.04040107563201626,0.0
0.013389666813398919,0.3445307379032265,-0.18277494073795686,1.0321395181611681,-0.0499203118921722,0.9987532039801366,0.0,0.9987532039801366,0.0499203118921722,0.0
0.013491878010447766,0.34452511175941847,-0.1826737802354486,1.0321399103931326,-0.057408414118303636,0.9983507770260017,0.0,0.9983507770260017,0.057408414118303636,0.0
0.013594089207496612,0.3445191055699864,-0.18257265072337858,1.0321408740747684,-0.06300373390757308,0.9980132912510252,0.0,0.9980132912510252,0.06300373390757308,0.0
0.01369630040454546,0.3445123460926898,-0.1824715651558542,1.032141820724945,-0.0707688237383308,0.9974927436260843,0.0,0.9974927436260843,0.0707688237383308,0.0
0.013798511601594305,0.3445047606363088,-0.18237045763191062,1.0321432346900496,-0.07734207360200354,0.9970046156618044,0.0,0.9970046156618044,0.07734207360200354,0.0
0.013900722798643152,0.34449666414446767,-0.1822694116056338,1.0321450319116021,-0.08689068218715236,0.996217852354118,0.0,0.9962178523541181,0.08689068218715237,0.0
0.014002933995692,0.344487137920267,-0.18216840991072902,1.0321464313983941,-0.09852332185327484,0.9951347421585661,0.0,0.9951347421585662,0.09852332185327485,0.0
0.014105145192740845,0.3444766743573008,-0.18206750477460173,1.0321470106206887,-0.10674073991260477,0.9942868873936282,0.0,0.9942868873936284,0.10674073991260478,0.0
0.014207356389789693,0.34446548348171435,-0.18196669944549923,1.0321474734647402,-0.1174756476338547,0.9930757635815137,0.0,0.9930757635815137,0.1174756476338547,0.0
0.01430956758683854,0.3444528360703981,-0.18186598875451443,1.0321473428375754,-0.12920719758720262,0.991617617880835,0.0,0.991617617880835,0.12920719758720262,0.0
0.014411778783887386,0.344439256100548,-0.18176541396201906,1.0321472626202572,-0.13732463798401284,0.9905260944581722,0.0,0.9905260944581722,0.13732463798401284,0.0
0.014513989980936233,0.3444249573689994,-0.181664898974702,1.0321473723777765,-0.1481986494944396,0.9889576129885569,0.0,0.9889576129885569,0.1481986494944396,0.0
0.014616201177985079,0.3444091487890393,-0.18156450217891767,1.032146768150336,-0.16168678054570018,0.9868421276966072,0.0,0.9868421276966072,0.16168678054570018,0.0
0.014718412375033926,0.3443920861158629,-0.1814642719520363,1.0321454315926573,-0.17308418726486718,0.9849070332365691,0.0,0.9849070332365693,0.1730841872648672,0.0
0.014820623572082773,0.34437395575782653,-0.1813642420366708,1.0321443250114661,-0.185272896646224,0.9826871087830132,0.0,0.9826871087830132,0.185272896646224,0.0
0.014922834769131619,0.3443544129485992,-0.1812644535409941,1.0321430524909985,-0.19986945895559521,0.979822534634103,0.0,0.979822534634103,0.19986945895559521,0.0
0.015025045966180466,0.3443332942208036,-0.18116490647797098,1.032142105188979,-0.2128348691659873,0.9770881835674285,0.0,0.9770881835674287,0.21283486916598732,0.0
0.015127257163229314,0.3443110891531767,-0.1810655614668688,1.0321416874396134,-0.22326865846069774,0.974756947217695,0.0,0.9747569472176951,0.22326865846069777,0.0
0.01522946836027816,0.3442878232063294,-0.18096638695641634,1.032141497979602,-0.236260906527714,0.9716896541832185,0.0,0.9716896541832185,0.236260906527714,0.0
0.015331679557327007,0.3442629631090434,-0.1808676295285368,1.0321411551277837,-0.2530336731455882,0.9674574720650265,0.0,0.9674574720650265,0.2530336731455882,0.0
0.015433890754375854,0.344236272186478,-0.1807692850500661,1.032141030547268,-0.2685875078634871,0.9632552883943494,0.0,0.9632552883943494,0.2685875078634871,0.0
0.0155361019514247,0.34420821464057344,-0.18067128103785432,1.0321416973515392,-0.2809538033097074,0.9597212930876392,0.0,0.9597212930876392,0.2809538033097074,0.0
0.015638313148473547,0.34417898929049445,-0.18057361012288042,1.0321425916889038,-0.2945169351105777,0.9556462603563475,0.0,0.9556462603563475,0.2945169351105777,0.0
0.015740524345522394,0.3441481813440235,-0.1804764854641352,1.0321431839555752,-0.30972879382351376,0.9508249440757386,0.0,0.9508249440757386,0.30972879382351376,0.0
0.01584273554257124,0.3441158712508978,-0.18037984639258994,1.0321437969179161,-0.32387910296564226,0.9460984761969395,0.0,0.9460984761969395,0.32387910296564226,0.0
0.015944946739620085,0.34408215165069334,-0.1802836030222876,1.0321447532474983,-0.3396532897292551,0.9405507124956605,0.0,0.9405507124956606,0.3396532897292552,0.0
0.016047157936668933,0.3440466081551259,-0.18018804653064874,1.032146040981556,-0.35527657673449975,0.9347612283486169,0.0,0.934761228348617,0.3552765767344998,0.0
0.01614936913371778,0.34400970067785025,-0.18009297868957097,1.0321472839561954,-0.3685829097386774,0.9295948787770778,0.0,0.9295948787770778,0.3685829097386774,0.0
0.016251580330766627,0.3439714371139147,-0.1799984592950609,1.0321481685574265,-0.3834500496619945,0.9235616164686653,0.0,0.9235616164686653,0.3834500496619945,0.0
0.016353791527815475,0.3439315176924562,-0.1799046704485511,1.032148514007356,-0.39633761138303086,0.918104840311385,0.0,0.918104840311385,0.39633761138303086,0.0
0.01645600272486432,0.34389062496587447,-0.17981126024520838,1.0321486602675187,-0.4099703498862157,0.9120988500234906,0.0,0.9120988500234906,0.4099703498862157,0.0
0.016558213921913166,0.3438479393413077,-0.1797187259821023,1.0321487322143592,-0.42436201506884985,0.9054926174004431,0.0,0.9054926174004432,0.4243620150688499,0.0
0.016660425118962013,0.34380411079626855,-0.17962665856292545,1.0321489620013249,-0.43754563659605306,0.8991962054500423,0.0,0.8991962054500423,0.43754563659605306,0.0
0.01676263631601086,0.3437587428075639,-0.1795354189668486,1.0321491956820474,-0.4510719374661006,0.8924875950009491,0.0,0.8924875950009492,0.45107193746610064,0.0
0.016864847513059708,0.34371218707472734,-0.1794447789682366,1.0321495513287935,-0.4635341610302454,0.886079049271557,0.0,0.8860790492715571,0.4635341610302455,0.0
0.016967058710108555,0.34366430684801386,-0.17935489780510905,1.0321498400635714,-0.4755990365360037,0.8796621831396556,0.0,0.8796621831396556,0.4755990365360037,0.0
0.0170692699071574,0.34361533547605366,-0.17926564343139786,1.0321503636860907,-0.4863936998741824,0.8737397602963388,0.0,0.8737397602963389,0.48639369987418246,0.0
0.017171481104206247,0.3435652946589981,-0.17917703594892262,1.0321507926333646,-0.4969643172242278,0.8677709763560068,0.0,0.8677709763560068,0.4969643172242278,0.0
0.017273692301255094,0.34351419348208834,-0.179089035003364,1.0321511872027842,-0.5088919732711147,0.8608303895310802,0.0,0.8608303895310802,0.5088919732711147,0.0
0.01737590349830394,0.3434617287232577,-0.1790018461061108,1.0321509853137698,-0.5185895904216558,0.8550232960021027,0.0,0.8550232960021027,0.5185895904216558,0.0
0.01747811469535279,0.34340865130202763,-0.1789150225967722,1.0321507683262618,-0.5281326573668577,0.8491618786913491,0.0,0.8491618786913491,0.5281326573668577,0.0
0.017580325892401633,0.3433542894367038,-0.17882909907912287,1.032150243380838,-0.5364698947098467,0.8439194582837902,0.0,0.8439194582837902,0.5364698947098467,0.0
0.01768253708945048,0.34329954685707337,-0.17874339066553036,1.0321494415009096,-0.5465233673682807,0.8374438541899004,0.0,0.8374438541899005,0.5465233673682808,0.0
0.017784748286499327,0.34324314350260676,-0.178658788924086,1.0321482137636122,-0.5550739110615213,0.8318010298496068,0.0,0.8318010298496068,0.5550739110615213,0.0
0.017886959483548175,0.34318664895853607,-0.17857420853248504,1.0321472292627287,-0.5620636205338011,0.8270940009892681,0.0,0.8270940009892681,0.5620636205338011,0.0
0.017989170680597022,0.34312884892412004,-0.17849060091696642,1.0321465785998813,-0.5707860215146392,0.8210988476690793,0.0,0.8210988476690793,0.5707860215146392,0.0
0.01809138187764587,0.3430705790078395,-0.17840723719966745,1.0321462529578598,-0.5775211480470515,0.8163757245033781,0.0,0.8163757245033781,0.5775211480470515,0.0
0.018193593074694713,0.3430114037562871,-0.178324582089252,1.0321459942017122,-0.5842439046794813,0.8115781292302506,0.0,0.8115781292302506,0.5842439046794813,0.0
0.01829580427174356,0.3429518026790451,-0.17824224400085498,1.0321459826773927,-0.5899292978132348,0.8074549049832962,0.0,0.8074549049832962,0.5899292978132348,0.0
0.018398015468792408,0.3428914754278295,-0.1781604323895872,1.032146055068376,-0.5965196185391873,0.8025984953249429,0.0,0.802598495324943,0.5965196185391874,0.0
0.018500226665841255,0.3428305747425316,-0.17807913560271818,1.0321468303525811,-0.6016631968342137,0.7987498967607033,0.0,0.7987498967607033,0.6016631968342137,0.0
0.018602437862890103,0.34276919854148796,-0.17799810128664553,1.032147430161446,-0.6083720689323056,0.7936519550426535,0.0,0.7936519550426535,0.6083720689323056,0.0
0.018704649059938946,0.3427069496607882,-0.1779178604672732,1.0321479170925645,-0.6134910099690619,0.7897017036116487,0.0,0.7897017036116488,0.613491009969062,0.0
0.018806860256987794,0.34264457922350333,-0.17783768803508,1.0321481198488847,-0.6189908144424043,0.7853982248744448,0.0,0.7853982248744448,0.6189908144424043,0.0
0.01890907145403664,0.3425812604873096,-0.17775838143877587,1.0321481482119548,-0.6240912157625927,0.7813514922286696,0.0,0.7813514922286697,0.6240912157625929,0.0
0.01901128265108549,0.34251792699932476,-0.1776791216238622,1.0321484480567895,-0.6279121394365649,0.7782842315942138,0.0,0.7782842315942139,0.627912139436565,0.0
0.019113493848134336,0.3424538655020459,-0.1776004779647263,1.0321484059307657,-0.6325622509381456,0.7745095213669531,0.0,0.7745095213669531,0.6325622509381456,0.0
0.01921570504518318,0.3423896413636308,-0.17752204863041027,1.0321484020099174,-0.6345355624543243,0.7728936666714085,0.0,0.7728936666714085,0.6345355624543243,0.0
0.019317916242232027,0.3423252460807525,-0.17744381356006456,1.0321480604882682,-0.6392838108225107,0.7689708767048647,0.0,0.7689708767048647,0.6392838108225107,0.0
0.019420127439280874,0.3422601134775102,-0.1773662443218047,1.0321475565764127,-0.6414293757197757,0.7671820878798845,0.0,0.7671820878798845,0.6414293757197757,0.0
0.019522338636329722,0.34219532545542564,-0.17728842189830124,1.0321473124078209,-0.6468404634953764,0.7626253436551179,0.0,0.7626253436551179,0.6468404634953764,0.0
0.01962454983337857,0.3421291471515558,-0.17721183493498546,1.0321465991053844,-0.6497981577359916,0.7601068044708661,0.0,0.7601068044708661,0.6497981577359916,0.0
0.019726761030427416,0.34206382357776227,-0.17713459648217372,1.0321459365879706,-0.6525978176443213,0.7577044861988538,0.0,0.7577044861988538,0.6525978176443213,0.0
0.01982897222747626,0.3419970885076787,-0.1770585070748522,1.0321445723664822,-0.6558161018686263,0.7549206849264627,0.0,0.7549206849264627,0.6558161018686263,0.0
0.019931183424525108,0.3419311492221785,-0.17698187285263173,1.032143256226978,-0.6568373478044118,0.7540322927628935,0.0,0.7540322927628936,0.6568373478044119,0.0
0.020033394621573955,0.3418642941639478,-0.17690606260164432,1.03214218829823,-0.6596383850023262,0.7515831298209952,0.0,0.7515831298209952,0.6596383850023262,0.0
0.020135605818622802,0.3417978115042393,-0.1768299496449313,1.032141051694012,-0.6613146926630145,0.7501085769860405,0.0,0.7501085769860405,0.6613146926630145,0.0
0.02023781701567165,0.34173065302566374,-0.17675447763736443,1.0321404494628115,-0.6642616316606613,0.7475001569923018,0.0,0.7475001569923019,0.6642616316606614,0.0
0.020340028212720494,0.3416636411317546,-0.1766789664032148,1.0321403646909395,-0.6651901856254556,0.7466739696464393,0.0,0.7466739696464394,0.6651901856254557,0.0
0.02044223940976934,0.3415963492434553,-0.1766037220484108,1.0321407114330878,-0.6688955627431377,0.743356392413855,0.0,0.743356392413855,0.6688955627431377,0.0
0.02054445060681819,0.34152862519130656,-0.17652892061430536,1.0321416782045345,-0.6684725526431192,0.7437368125639555,0.0,0.7437368125639555,0.6684725526431192,0.0
0.020646661803867036,0.341461460622843,-0.1764536461292894,1.0321421893542138,-0.6719958040656683,0.7405549536112335,0.0,0.7405549536112335,0.6719958040656683,0.0
0.020748873000915883,0.34139304054558683,-0.17637950319173532,1.0321430589234444,-0.6720013430207353,0.7405499274041744,0.0,0.7405499274041745,0.6720013430207354,0.0
0.02085108419796473,0.34132592115858595,-0.17630428074265975,1.0321442521341504,-0.673608859766751,0.7390880218510768,0.0,0.7390880218510768,0.673608859766751,0.0
0.020953295395013574,0.34125720352784983,-0.1762304619324381,1.032145216158069,-0.6756774314687912,0.7371974013815682,0.0,0.7371974013815682,0.6756774314687912,0.0
0.02105550659206242,0.34118968228431285,-0.17615563741168005,1.0321467578421266,-0.674034510877386,0.7386998566036703,0.0,0.7386998566036703,0.674034510877386,0.0
0.02115771778911127,0.3411212913996955,-0.17608151070225908,1.0321473555206944,-0.6759638652490049,0.7369347684005859,0.0,0.7369347684005859,0.6759638652490049,0.0
0.021259928986160116,0.3410533827389343,-0.17600704385650587,1.0321483029218408,-0.6745705247579604,0.7382104084390642,0.0,0.7382104084390642,0.6745705247579604,0.0
0.021362140183208964,0.3409853277014185,-0.1759327200072106,1.0321492063064264,-0.6772098817804453,0.7357898993727185,0.0,0.7357898993727185,0.6772098817804453,0.0
0.021464351380257807,0.34091685457496207,-0.17585870573160053,1.0321498958814563,-0.6781193438613734,0.7349518048695578,0.0,0.7349518048695578,0.6781193438613734,0.0
0.021566562577306655,0.34084859645322585,-0.17578452945852488,1.0321503315483127,-0.6797381826995815,0.7334548404505012,0.0,0.7334548404505012,0.6797381826995815,0.0
0.021668773774355502,0.3407798428488693,-0.17571086658373614,1.0321504051134247,-0.678572966634163,0.7345330005883405,0.0,0.7345330005883406,0.6785729666341631,0.0
0.02177098497140435,0.34071184787440517,-0.17563650360299224,1.0321494133018747,-0.6787381571349217,0.7343803606096029,0.0,0.7343803606096029,0.6787381571349217,0.0
0.021873196168453197,0.3406430594532982,-0.17556286983667105,1.0321479076195261,-0.677114297490685,0.7358778622391735,0.0,0.7358778622391736,0.6771142974906851,0.0
0.021975407365502044,0.3405754650551323,-0.17548828476037645,1.0321463817630356,-0.67713271832382,0.735860911976845,0.0,0.7358609119768451,0.6771327183238202,0.0
0.022077618562550888,0.34050670748068124,-0.175414691962224,1.0321442770153684,-0.6788562650887099,0.7342711837937039,0.0,0.7342711837937039,0.6788562650887099,0.0
0.022179829759599735,0.3404387350153899,-0.17534039347129968,1.0321423082471217,-0.678680619649125,0.7344335344418035,0.0,0.7344335344418035,0.678680619649125,0.0
0.022282040956648583,0.340370060072297,-0.17526681910980066,1.0321408260628544,-0.6787597202966721,0.734360430648863,0.0,0.734360430648863,0.6787597202966721,0.0
0.02238425215369743,0.3403020846499999,-0.17519254936951317,1.0321389066894917,-0.6779380543967426,0.7351190341711737,0.0,0.7351190341711737,0.6779380543967426,0.0
0.022486463350746277,0.34023356626599993,-0.17511881267410248,1.0321379838206446,-0.6776605565645422,0.7353748500435916,0.0,0.7353748500435917,0.6776605565645423,0.0
0.02258867454779512,0.340165699013245,-0.17504454818189027,1.0321378102729746,-0.6757370711864239,0.7371427342274993,0.0,0.7371427342274994,0.675737071186424,0.0
0.02269088574484397,0.34009752942613425,-0.17497041387763246,1.0321372502513635,-0.6758529042998924,0.7370365335242212,0.0,0.7370365335242212,0.6758529042998924,0.0
0.022793096941892816,0.3400295985994539,-0.17489612686631462,1.0321381373237022,-0.6730958292667725,0.7395552748940919,0.0,0.7395552748940919,0.6730958292667725,0.0
0.022895308138941663,0.339962022647238,-0.17482152756938452,1.0321392901765751,-0.6738407982064567,0.7388765652478669,0.0,0.7388765652478669,0.6738407982064567,0.0
0.02299751933599051,0.3398939679617846,-0.17474740583314152,1.032139998897301,-0.6718175362672228,0.7407166786051458,0.0,0.7407166786051458,0.6718175362672228,0.0
0.023099730533039358,0.3398268440767875,-0.17467248558057452,1.0321408592463517,-0.670214608589324,0.7421673520395916,0.0,0.7421673520395917,0.6702146085893241,0.0
0.023201941730088202,0.33975908505286795,-0.17459804219638528,1.0321407394578537,-0.6712983774774152,0.7411872154835037,0.0,0.7411872154835037,0.6712983774774152,0.0
0.02330415292713705,0.3396916428186103,-0.17452320852667372,1.0321403830543578,-0.6686828474237396,0.7435477453138297,0.0,0.7435477453138297,0.6686828474237396,0.0
0.023406364124185897,0.33962436882696806,-0.17444824330979655,1.032141028441228,-0.6684235752449569,0.7437808306596436,0.0,0.7437808306596436,0.6684235752449569,0.0
0.023508575321234744,0.339556960941679,-0.1743733427798498,1.0321414690576443,-0.666805920779896,0.7452314164156494,0.0,0.7452314164156494,0.666805920779896,0.0
0.02361078651828359,0.3394899992693181,-0.17429807005450587,1.0321416127049046,-0.6658318853069461,0.7461018030460707,0.0,0.7461018030460708,0.6658318853069463,0.0
0.023712997715332435,0.339422859714401,-0.1742230748673772,1.0321419699510952,-0.6638236825696825,0.7478891083975119,0.0,0.747889108397512,0.6638236825696826,0.0
0.023815208912381283,0.3393564148617992,-0.17414756876017368,1.0321424275490076,-0.6628123886784413,0.7487855082828319,0.0,0.7487855082828319,0.6628123886784413,0.0
0.02391742010943013,0.3392895417424815,-0.1740724642767001,1.0321430437130332,-0.6597714098001901,0.7514663577368381,0.0,0.7514663577368381,0.6597714098001901,0.0
0.024019631306478977,0.3392237384752851,-0.17399645302607172,1.0321443089750353,-0.6598667744303142,0.7513826189119183,0.0,0.7513826189119183,0.6598667744303142,0.0
0.024121842503527825,0.3391568671303376,-0.17392138923943687,1.0321452214528095,-0.657372331822578,0.7535659343110902,0.0,0.7535659343110902,0.657372331822578,0.0
0.02422405370057667,0.3390916224506177,-0.17384500440137848,1.0321458564998733,-0.6553602359613748,0.7553164642192379,0.0,0.7553164642192379,0.6553602359613748,0.0
0.024326264897625516,0.3390251808537944,-0.1737696180343394,1.032145900693655,-0.6535407860378359,0.7568913006403545,0.0,0.7568913006403546,0.653540786037836,0.0
0.024428476094674363,0.3389602760873374,-0.1736928870096847,1.0321463426606416,-0.6513871742498166,0.7587455101829856,0.0,0.7587455101829856,0.6513871742498166,0.0
0.02453068729172321,0.3388942361103163,-0.1736170916412453,1.0321467286963972,-0.6502239787981624,0.7597425731100548,0.0,0.7597425731100548,0.6502239787981624,0.0
0.024632898488772058,0.33882950877868023,-0.17354009428779593,1.0321468276105228,-0.6458826069696321,0.7634367413310102,0.0,0.7634367413310102,0.6458826069696321,0.0
0.024735109685820905,0.3387642834021283,-0.17346348683598248,1.0321469554751448,-0.6444807587265914,0.7646205278641145,0.0,0.7646205278641145,0.6444807587265914,0.0
0.02483732088286975,0.33869986065044283,-0.17338627802733014,1.0321473936858472,-0.6406932403194483,0.7677969600154494,0.0,0.7677969600154494,0.6406932403194483,0.0
0.024939532079918596,0.33863544861287015,-0.17330909319904123,1.0321472368339564,-0.6397731634157917,0.7685637900480029,0.0,0.7685637900480029,0.6397731634157917,0.0
0.025041743276967444,0.33857120755516945,-0.17323172620152863,1.0321465452463445,-0.6365001771716513,0.7712765551087732,0.0,0.7712765551087732,0.6365001771716513,0.0
0.02514395447401629,0.3385074062218778,-0.17315393834162818,1.032145063676324,-0.6355646930399261,0.7720476157343306,0.0,0.7720476157343306,0.6355646930399261,0.0
0.02524616567106514,0.3384431484336847,-0.17307616730957318,1.0321422421462727,-0.6330111720231104,0.7741426587483268,0.0,0.7741426587483268,0.6330111720231104,0.0
0.025348376868113982,0.33837966777074446,-0.1729977202706758,1.0321406975414744,-0.6286171464162733,0.7777149112827023,0.0,0.7777149112827023,0.6286171464162733,0.0
0.02545058806516283,0.33831635790701076,-0.1729193041317775,1.0321402810028075,-0.6276530880564196,0.77849316056934,0.0,0.77849316056934,0.6276530880564196,0.0
0.025552799262211677,0.3382531339556771,-0.1728407773487255,1.0321385687706892,-0.6233778368318108,0.7819207584831678,0.0,0.7819207584831678,0.6233778368318108,0.0
0.025655010459260524,0.3381907242563608,-0.17276171822864936,1.0321370771659963,-0.6224208408229696,0.7826827562360292,0.0,0.7826827562360292,0.6224208408229696,0.0
0.02575722165630937,0.33812782655873447,-0.17268320560243539,1.032136649195813,-0.6185965342899933,0.7857088059608401,0.0,0.7857088059608401,0.6185965342899933,0.0
0.02585943285335822,0.33806627916262144,-0.17260365461110602,1.0321361958547413,-0.613542411856455,0.7896617686410835,0.0,0.7896617686410836,0.6135424118564551,0.0
0.025961644050407063,0.3380043640999769,-0.17252430284093226,1.0321360370798864,-0.612388758652604,0.7905567710644965,0.0,0.7905567710644965,0.612388758652604,0.0
0.02606385524745591,0.3379430318583873,-0.17244454981125293,1.0321371924059932,-0.6088610100397865,0.7932769191482449,0.0,0.7932769191482449,0.6088610100397865,0.0
0.026166066444504758,0.3378819358559063,-0.172364792708617,1.0321376932546487,-0.6041767256894972,0.7968503524094835,0.0,0.7968503524094835,0.6041767256894972,0.0
0.026268277641553605,0.3378215120419898,-0.17228427698973603,1.0321381261447555,-0.6027589821937784,0.7979233104658118,0.0,0.7979233104658118,0.6027589821937784,0.0
0.026370488838602452,0.33776062004797625,-0.17220419665955758,1.0321397650191726,-0.6009593115240036,0.7992796168379347,0.0,0.7992796168379347,0.6009593115240036,0.0
0.026472700035651296,0.3377006202527717,-0.17212349015922657,1.0321417032755855,-0.5963506929777196,0.8027240191902779,0.0,0.8027240191902779,0.5963506929777196,0.0
0.026574911232700144,0.33764068621360616,-0.1720427584811566,1.0321417249927547,-0.5921366834146283,0.8058375445179532,0.0,0.8058375445179532,0.5921366834146283,0.0
0.02667712242974899,0.3375815530522713,-0.17196145186102388,1.0321425083126556,-0.5889783276294132,0.8081488288569498,0.0,0.8081488288569498,0.5889783276294132,0.0
0.026779333626797838,0.3375223376683218,-0.17188037009811807,1.0321439542609834,-0.5858201663855244,0.8104410729078559,0.0,0.8104410729078559,0.5858201663855244,0.0
0.026881544823846686,0.3374639942221842,-0.1717988174727723,1.0321445019716298,-0.5808224895745941,0.8140302424384309,0.0,0.8140302424384309,0.5808224895745941,0.0
0.026983756020895533,0.33740584088509723,-0.17171709834746493,1.0321449021112592,-0.5792024786739041,0.8151837146913606,0.0,0.8151837146913608,0.5792024786739042,0.0
0.027085967217944377,0.3373478330324792,-0.1716353293773079,1.032145113529724,-0.5740249089035626,0.8188378374002123,0.0,0.8188378374002123,0.5740249089035626,0.0
0.027188178414993224,0.3372907184615503,-0.1715528779541139,1.0321442596198307,-0.5696081988174236,0.8219163581776253,0.0,0.8219163581776253,0.5696081988174236,0.0
0.02729038961204207,0.33723338465251207,-0.17147018604570338,1.032142651282719,-0.5661028681250241,0.8243346060312049,0.0,0.8243346060312049,0.5661028681250241,0.0
0.02739260080909092,0.3371768568692036,-0.17138707760906344,1.0321430821574342,-0.5634713169575516,0.8261356274644754,0.0,0.8261356274644754,0.5634713169575516,0.0
0.027494812006139766,0.337120208132872,-0.17130425185836634,1.0321427565349723,-0.560978133399251,0.8278306190567563,0.0,0.8278306190567563,0.560978133399251,0.0
0.02759702320318861,0.33706422093858857,-0.17122086173251203,1.0321411986189557,-0.5538679727224348,0.8326045092313278,0.0,0.8326045092313278,0.5538679727224348,0.0
0.027699234400237457,0.3370089525814548,-0.17113700645269384,1.0321403833028862,-0.5487726003872916,0.8359716700129077,0.0,0.8359716700129078,0.5487726003872917,0.0
0.027801445597286305,0.33695402217160947,-0.1710529906558587,1.0321405115619764,-0.5423544796237871,0.8401497595262472,0.0,0.8401497595262473,0.5423544796237872,0.0
0.027903656794335152,0.33690009596558984,-0.17096837899025405,1.0321402314735473,-0.5374411146423436,0.8433012796693691,0.0,0.8433012796693691,0.5374411146423436,0.0
0.028005867991384,0.33684614051008754,-0.17088371305365138,1.032139591582821,-0.536615274977745,0.8438270241350173,0.0,0.8438270241350173,0.536615274977745,0.0
0.028108079188432847,0.33679240417641304,-0.17079903375126773,1.032139664400711,-0.5318864868086459,0.8468156618475807,0.0,0.8468156618475807,0.5318864868086459,0.0
0.02821029038548169,0.33673944640640957,-0.17071384553443048,1.0321401407857695,-0.5280809731637943,0.8491940212827571,0.0,0.8491940212827572,0.5280809731637944,0.0
0.028312501582530538,0.33668638373888765,-0.17062854489396057,1.032140199763129,-0.5248285161674007,0.8512079819982449,0.0,0.8512079819982449,0.5248285161674007,0.0
0.028414712779579385,0.33663409278916434,-0.17054297478871264,1.0321414105403168,-0.5174563667919764,0.8557095935341894,0.0,0.8557095935341894,0.5174563667919764,0.0
0.028516923976628233,0.33658265167853757,-0.17045700478952833,1.0321426835843441,-0.5100314871121994,0.8601557313382957,0.0,0.8601557313382957,0.5100314871121994,0.0
0.02861913517367708,0.33653188526946864,-0.17037060428596212,1.0321427096050528,-0.506553110429566,0.8622087602861223,0.0,0.8622087602861223,0.506553110429566,0.0
0.028721346370725924,0.3364809672798437,-0.17028392682883056,1.0321430206687352,-0.5040561128022039,0.8636709067386326,0.0,0.8636709067386327,0.504056112802204,0.0
0.02882355756777477,0.33643064656078925,-0.17019713763194994,1.0321439476926921,-0.49861527515649506,0.8668234003420839,0.0,0.8668234003420839,0.49861527515649506,0.0
0.02892576876482362,0.33638103603761005,-0.17011020022335058,1.032144031279918,-0.49426568295855605,0.8693108964286091,0.0,0.8693108964286093,0.4942656829585561,0.0
0.029027979961872466,0.33633171553946917,-0.17002313846956912,1.032143514589608,-0.49002959553267084,0.8717057964141841,0.0,0.8717057964141841,0.49002959553267084,0.0
0.029130191158921313,0.3362828676706485,-0.1699355700881812,1.0321420238770727,-0.4848714817575672,0.8745854138837562,0.0,0.8745854138837562,0.4848714817575672,0.0
0.029232402355970157,0.3362345836295128,-0.16984793709174717,1.0321404761104083,-0.48165290202443084,0.8763620724172424,0.0,0.8763620724172424,0.48165290202443084,0.0
0.029334613553019005,0.33618655420308513,-0.1697603288103216,1.0321392339460973,-0.4775446648721621,0.8786074738198705,0.0,0.8786074738198705,0.4775446648721621,0.0
0.029436824750067852,0.33613906093941265,-0.16967219028602407,1.0321389999238682,-0.4724673737499872,0.8813481609113335,0.0,0.8813481609113335,0.4724673737499872,0.0
0.0295390359471167,0.3360920649055735,-0.1695840669704262,1.0321387005767644,-0.46574403249906915,0.8849194857112742,0.0,0.8849194857112742,0.46574403249906915,0.0
0.029641247144165547,0.33604620451156175,-0.1694957619119709,1.0321377307804374,-0.45820092155596254,0.8888486459939435,0.0,0.8888486459939435,0.45820092155596254,0.0
0.029743458341214394,0.33600093699161737,-0.16940729097735957,1.0321373449724514,-0.4531466522832594,0.8914359828526527,0.0,0.8914359828526527,0.4531466522832594,0.0
0.029845669538263238,0.33595630744251403,-0.16931891522955947,1.0321371149812204,-0.44950228807484754,0.8932791797727498,0.0,0.8932791797727498,0.44950228807484754,0.0
0.029947880735312085,0.3359120798972374,-0.16923070857835865,1.0321363068231713,-0.4458361101951052,0.8951146087770537,0.0,0.8951146087770537,0.4458361101951052,0.0
0.030050091932360933,0.3358684604595837,-0.16914254297984752,1.0321363585413847,-0.4392540799299331,0.8983628739350864,0.0,0.8983628739350864,0.4392540799299331,0.0
0.03015230312940978,0.33582576552945226,-0.16905417834893482,1.032136797051778,-0.4306006405260791,0.902542568734866,0.0,0.902542568734866,0.4306006405260791,0.0
0.030254514326458627,0.33578401004053104,-0.16896553419033583,1.032137629817739,-0.4235954702069369,0.9058514655395575,0.0,0.9058514655395575,0.4235954702069369,0.0
0.03035672552350747,0.3357429044246831,-0.16887698133321902,1.0321396325831207,-0.4225203168948202,0.906353453025419,0.0,0.9063534530254191,0.4225203168948203,0.0
0.03045893672055632,0.33570162017242783,-0.16878879868564237,1.0321386688715284,-0.42511969235484653,0.9051371427425352,0.0,0.9051371427425352,0.42511969235484653,0.0
0.030561147917605166,0.33566039000302333,-0.16870129700431283,1.032135913919584,-0.42505694677485206,0.9051666100770844,0.0,0.9051666100770844,0.42505694677485206,0.0
0.030663359114654013,0.33562001577298817,-0.16861502061150752,1.0321303112350346,-0.42262346175367255,0.9063053622126165,0.0,0.9063053622126165,0.42262346175367255,0.0
